<?xml version="1.0"?>
<!--
/**
 * Copyright © 2016 MageWorx. All rights reserved.
 * See LICENSE.txt for license details.
 */
-->
<config xmlns:xsi="http://www.w3.org/2001/XMLSchema-instance" xsi:noNamespaceSchemaLocation="urn:magento:framework:Acl/etc/acl.xsd">
    <acl>
        <resources>
            <resource id="Magento_Backend::admin">
                <resource id="Magento_Backend::stores">
                    <resource id="MageWorx_OptionTemplates::options" title="MageWorx Option Templates" sortOrder="40">
                        <resource id="MageWorx_OptionTemplates::groups" title="Manage Option Templates" sortOrder="70"/>
                    </resource>
                    <resource id="Magento_Backend::stores_settings">
                        <resource id="Magento_Config::config">
                            <resource id="MageWorx_OptionTemplates::config_optiontemplates" title="Product Option Templates (by MageWorx)" sortOrder="70"/>
                        </resource>
                    </resource>
                </resource>
            </resource>
        </resources>
    </acl>
</config>