<?xml version="1.0"?>
<!--
/**
 * Copyright © 2016 MageWorx. All rights reserved.
 * See LICENSE.txt for license details.
 */
-->
<config xmlns:xsi="http://www.w3.org/2001/XMLSchema-instance" xsi:noNamespaceSchemaLocation="urn:magento:module:Magento_Config:etc/system_file.xsd">
    <system>
        <tab id="mageworx" sortOrder="2001">
            <label>MageWorx</label>
        </tab>
        <section id="mageworx_optionfeatures" translate="label" type="text" sortOrder="10" showInDefault="1" showInWebsite="1" showInStore="1">
            <label>Option Features</label>
            <tab>mageworx</tab>
            <resource>MageWorx_OptionFeatures::config_optionfeatures</resource>
            <group id="main" translate="label" type="text" sortOrder="1" showInDefault="1" showInWebsite="1" showInStore="1">
                <label>Option Features Configuration</label>
                <field id="use_weight" translate="label" type="select" sortOrder="10" showInDefault="1" showInWebsite="1" showInStore="1">
                    <label><![CDATA[Enable Custom Options Weight]]></label>
                    <source_model>Magento\Config\Model\Config\Source\Yesno</source_model>
                </field>
                <field id="use_absolute_weight" translate="label" type="select" sortOrder="20" showInDefault="1" showInWebsite="1" showInStore="1">
                    <label><![CDATA[Enable Custom Options Absolute Weight]]></label>
                    <source_model>Magento\Config\Model\Config\Source\Yesno</source_model>
                </field>
                <field id="use_cost" translate="label" type="select" sortOrder="30" showInDefault="1" showInWebsite="1" showInStore="1">
                    <label><![CDATA[Enable Custom Options Cost]]></label>
                    <source_model>Magento\Config\Model\Config\Source\Yesno</source_model>
                </field>
                <field id="use_absolute_cost" translate="label" type="select" sortOrder="40" showInDefault="1" showInWebsite="1" showInStore="1">
                    <label><![CDATA[Enable Custom Options Absolute Cost]]></label>
                    <source_model>Magento\Config\Model\Config\Source\Yesno</source_model>
                </field>
                <field id="use_absolute_price" translate="label" type="select" sortOrder="50" showInDefault="1" showInWebsite="1" showInStore="1">
                    <label><![CDATA[Enable Custom Options Absolute Price]]></label>
                    <source_model>Magento\Config\Model\Config\Source\Yesno</source_model>
                </field>
                <field id="use_one_time" translate="label" type="select" sortOrder="60" showInDefault="1" showInWebsite="1" showInStore="1">
                    <label><![CDATA[Enable One Time Custom Options]]></label>
                    <source_model>Magento\Config\Model\Config\Source\Yesno</source_model>
                </field>
                <field id="use_qty_input" translate="label" type="select" sortOrder="70" showInDefault="1" showInWebsite="1" showInStore="1">
                    <label><![CDATA[Enable Custom Options Quantity Input]]></label>
                    <source_model>Magento\Config\Model\Config\Source\Yesno</source_model>
                </field>
                <field id="use_description" translate="label" type="select" sortOrder="80" showInDefault="1" showInWebsite="1" showInStore="1">
                    <label><![CDATA[Enable Option's Value Description]]></label>
                    <source_model>Magento\Config\Model\Config\Source\Yesno</source_model>
                </field>
                <field id="use_option_description" translate="label" type="select" sortOrder="90" showInDefault="1" showInWebsite="1" showInStore="1">
                    <label><![CDATA[Enable Option Description]]></label>
                    <source_model>MageWorx\OptionFeatures\Model\Config\Source\OptionDescription</source_model>
                </field>
                <field id="use_is_default" translate="label" type="select" sortOrder="95" showInDefault="1" showInWebsite="1" showInStore="1">
                    <label><![CDATA[Enable Is Default]]></label>
                    <source_model>Magento\Config\Model\Config\Source\Yesno</source_model>
                </field>
                <field id="base_image_thumbnail_size" translate="label" type="text" sortOrder="100" showInDefault="1" showInWebsite="1" showInStore="1">
                    <label><![CDATA[Thumbnail Image Size]]></label>
                    <!--<comment>Set "0" for full size image</comment>-->
                </field>
                <field id="tooltip_image_thumbnail_size" translate="label" type="text" sortOrder="110" showInDefault="1" showInWebsite="1" showInStore="1">
                    <label><![CDATA[Tooltip Image Size]]></label>
                    <!--<comment>Set "0" for full size image</comment>-->
                </field>
                <field id="product_fastship_title_global" translate="label" type="text" sortOrder="120" showInDefault="1" showInWebsite="1" showInStore="1">
                    <label><![CDATA[FastShip Global Title]]></label>
                    <comment>All products having swatches/options and not having FastShip Title; will take this title.</comment>
                </field>
                <field id="product_customorder_title_global" translate="label" type="text" sortOrder="130" showInDefault="1" showInWebsite="1" showInStore="1">
                    <label><![CDATA[CustomOrder Global Title]]></label>
                    <comment>All products having swatches/options and not having CustomOrder Title; will take this title.</comment>
                </field>
            </group>
        </section>
    </system>
</config>
