<?xml version="1.0"?>
<!--
/**
 * Copyright © 2018 MageWorx. All rights reserved.
 * See LICENSE.txt for license details.
 */
-->
<config xmlns:xsi="http://www.w3.org/2001/XMLSchema-instance" xsi:noNamespaceSchemaLocation="urn:magento:module:Magento_Config:etc/system_file.xsd">
    <system>
        <tab id="mageworx" sortOrder="2001">
            <label>MageWorx</label>
        </tab>
        <section id="mageworx_apo" translate="label" type="text" sortOrder="10" showInDefault="1" showInWebsite="1" showInStore="1">
            <label><![CDATA[Advanced Product Options]]></label>
            <tab>mageworx</tab>
            <resource>MageWorx_OptionFeatures::config_optionfeatures</resource>
            <group id="optionfeatures" translate="label" type="text" sortOrder="20" showInDefault="1" showInWebsite="1" showInStore="1">
                <label><![CDATA[Option Features]]></label>
                <field id="use_weight" translate="label" type="select" sortOrder="10" showInDefault="1" showInWebsite="1" showInStore="1">
                    <label><![CDATA[Enable Custom Options Weight]]></label>
                    <source_model>Magento\Config\Model\Config\Source\Yesno</source_model>
                </field>
                <field id="use_absolute_weight" translate="label" type="select" sortOrder="20" showInDefault="1" showInWebsite="1" showInStore="1">
                    <label><![CDATA[Enable Custom Options Absolute Weight]]></label>
                    <source_model>Magento\Config\Model\Config\Source\Yesno</source_model>
                </field>
                <field id="use_cost" translate="label" type="select" sortOrder="30" showInDefault="1" showInWebsite="1" showInStore="1">
                    <label><![CDATA[Enable Custom Options Cost]]></label>
                    <source_model>Magento\Config\Model\Config\Source\Yesno</source_model>
                </field>
                <field id="use_absolute_cost" translate="label" type="select" sortOrder="40" showInDefault="1" showInWebsite="1" showInStore="1">
                    <label><![CDATA[Enable Custom Options Absolute Cost]]></label>
                    <source_model>Magento\Config\Model\Config\Source\Yesno</source_model>
                </field>
                <field id="use_absolute_price" translate="label" type="select" sortOrder="50" showInDefault="1" showInWebsite="1" showInStore="1">
                    <label><![CDATA[Enable Custom Options Absolute Price]]></label>
                    <source_model>Magento\Config\Model\Config\Source\Yesno</source_model>
                </field>
                <field id="use_one_time" translate="label" type="select" sortOrder="60" showInDefault="1" showInWebsite="1" showInStore="1">
                    <label><![CDATA[Enable One Time Custom Options]]></label>
                    <source_model>Magento\Config\Model\Config\Source\Yesno</source_model>
                </field>
                <field id="use_qty_input" translate="label" type="select" sortOrder="70" showInDefault="1" showInWebsite="1" showInStore="1">
                    <label><![CDATA[Enable Custom Options Quantity Input]]></label>
                    <source_model>Magento\Config\Model\Config\Source\Yesno</source_model>
                </field>
                <field id="use_description" translate="label" type="select" sortOrder="80" showInDefault="1" showInWebsite="1" showInStore="1">
                    <label><![CDATA[Enable Option's Value Description]]></label>
                    <source_model>Magento\Config\Model\Config\Source\Yesno</source_model>
                </field>
                <field id="use_option_description" translate="label" type="select" sortOrder="90" showInDefault="1" showInWebsite="1" showInStore="1">
                    <label><![CDATA[Enable Option Description]]></label>
                    <source_model>MageWorx\OptionFeatures\Model\Config\Source\OptionDescription</source_model>
                </field>
                <field id="use_is_default" translate="label" type="select" sortOrder="95" showInDefault="1" showInWebsite="1" showInStore="1">
                    <label><![CDATA[Enable Is Default]]></label>
                    <source_model>Magento\Config\Model\Config\Source\Yesno</source_model>
                </field>
                <field id="use_is_disabled" translate="label" type="select" sortOrder="95" showInDefault="1" showInWebsite="1" showInStore="1">
                    <label><![CDATA[Enable 'Disable' Option Value]]></label>
                    <source_model>Magento\Config\Model\Config\Source\Yesno</source_model>
                </field>
                <field id="base_image_thumbnail_size" translate="label" type="text" sortOrder="100" showInDefault="1" showInWebsite="1" showInStore="1">
                    <label><![CDATA[Option Gallery Thumbnail Image Size]]></label>
                </field>
                <field id="swatch_size" translate="label" type="text" sortOrder="105" showInDefault="1" showInWebsite="1" showInStore="1">
                    <label><![CDATA[Swatch Size]]></label>
                </field>
                <field id="tooltip_image_thumbnail_size" translate="label" type="text" sortOrder="110" showInDefault="1" showInWebsite="1" showInStore="1">
                    <label><![CDATA[Swatch Tooltip Image Size]]></label>
                </field>
            </group>
        </section>
    </system>
</config>
