<?xml version="1.0"?>
<!--
/**
 * Copyright © 2016 MageWorx. All rights reserved.
 * See LICENSE.txt for license details.
 */
-->
<config xmlns:xsi="http://www.w3.org/2001/XMLSchema-instance" xsi:noNamespaceSchemaLocation="urn:magento:module:Magento_Config:etc/system_file.xsd">
    <system>
        <tab id="mageworx" sortOrder="2001">
            <label>MageWorx</label>
        </tab>
        <section id="mageworx_optiontemplates" translate="label" type="text" sortOrder="90" showInDefault="1" showInWebsite="1" showInStore="1">
            <label><![CDATA[Option Templates]]></label>
            <tab>mageworx</tab>
            <resource>MageWorx_OptionTemplates::config_optiontemplates</resource>
            <group id="main" translate="label" type="text" sortOrder="6" showInDefault="1" showInWebsite="1" showInStore="1">
                <label>Main Settings</label>
                <field id="hide_all_options" translate="label comment" type="select" sortOrder="20" showInDefault="1" showInWebsite="1" showInStore="1">
                    <label><![CDATA[Hide all product template options]]></label>
                    <source_model>Magento\Config\Model\Config\Source\Yesno</source_model>
                </field> 
            </group>            
        </section>
    </system>
</config>