<config xmlns:xsi="http://www.w3.org/2001/XMLSchema-instance" xsi:noNamespaceSchemaLocation="../../../../../lib/internal/Magento/Framework/Mview/etc/mview.xsd">
    <view id="mageworx_sphinxsearch_products" class="MageWorx\SearchSuiteSphinx\Model\Indexer\Product" group="indexer">
        <subscriptions>
            <table name="catalog_product_entity" entity_column="entity_id" />
            <table name="catalog_product_entity_int" entity_column="entity_id" />
            <table name="catalog_product_entity_decimal" entity_column="entity_id" />
            <table name="catalog_product_entity_text" entity_column="entity_id" />
            <table name="catalog_product_entity_varchar" entity_column="entity_id" />
            <table name="catalog_product_entity_datetime" entity_column="entity_id" />
            <table name="catalog_product_website" entity_column="product_id" />
            <table name="cataloginventory_stock_item" entity_column="product_id" />
            <table name="catalog_product_bundle_selection" entity_column="parent_product_id" />
            <table name="catalog_product_super_link" entity_column="product_id" />
            <table name="catalog_product_link" entity_column="product_id" />
        </subscriptions>
    </view>
</config>